airline,Country
Aer Lingus,Ireland
Aeroflot*,Russia
Aerolineas Argentinas,Argentina
Aeromexico*,Mexico
Air Canada,Canada
Air France,France
Air India*,India
Air New Zealand*,New Zealand
Alaska Airlines*,United States
Alitalia,Italy
All Nippon Airways,Japan
American*,United States
Austrian Airlines,Austria
Avianca,Colombia
Britannia Airways*,United Kingdom
Cathay Pacific*,Hong Kong SAR of China
China Airlines,Taiwan
Condor,Germany
COPA,Panama
Delta / Northwest*,United States
Egyptair,Egypt
El Al,Israel
Ethiopian Airlines,Ethiopia
Finnair,Finland
Garuda Indonesia,Indonesia
Gulf Air,Oman
Hawaiian Airlines,United States
Iberia,Spain
Japan Airlines,Japan
Kenya Airways,Kenya
KLM*,Netherlands
Korean Air,South Korea
LAN Airlines*,Chile
Lufthansa*,Germany
Malaysia Airlines,Malaysia
Pakistan International,Pakistan
Philippine Airlines,Philippines
Qantas*,Australia
Royal Air Maroc,Morocco
SAS*,Denmark
Saudi Arabian,Saudi Arabia
Singapore Airlines,Singapore
South African,South Africa
Southwest Airlines,United States
SriLankan / AirLanka,Sri Lanka
SWISS*,Switzerland
TACA,Peru
TAM,Madagascar
TAP - Air Portugal,Portugal
Thai Airways,Thailand
Turkish Airlines,Turkey
United / Continental*,United States
US Airways / America West*,United States
Vietnam Airlines,Vietnam
Virgin Atlantic Airways,United Kingdom
Xiamen Airlines,China
